"Question","Réponse"
"Quel est le rôle du ministère de l'Éducation nationale ?","Le ministère de l'Éducation nationale est responsable de la définition, de l'organisation et de la mise en œuvre de la politique éducative nationale."
"Qui est le ministre suppléant spécial du ministère de l'éducation ?","Le ministre suppléant spécial est Emmanuel Doriant."
"Qui est le ministre actuel de l'Éducation nationale ?","Le ministre actuel de l'Éducation nationale est [Nom du Ministre]."
"Qu'est-ce que l'école maternelle ?","L'école maternelle est une structure éducative qui accueille les enfants de 3 à 6 ans."
"À quel âge commence l'école obligatoire en France ?","L'école obligatoire commence à l'âge de 3 ans en France."
"Qu'est-ce que le baccalauréat ?","Le baccalauréat est un diplôme de fin d'études secondaires qui permet d'accéder à l'enseignement supérieur."
"Quels sont les différents types de baccalauréat ?","Il existe quatre types de baccalauréat : général, technologique, professionnel et sport."
"Qu'est-ce que le CAP ?","Le CAP (Certificat d'Aptitude Professionnelle) est un diplôme qui atteste d'une qualification professionnelle."
"Qu'est-ce que le BEP ?","Le BEP (Brevet d'Études Professionnelles) est un diplôme intermédiaire entre le CAP et le baccalauréat professionnel."
"Comment s'inscrire à l'école primaire ?","L'inscription à l'école primaire se fait à la mairie de la commune de résidence de l'enfant."
"Qu'est-ce que le socle commun de connaissances, de compétences et de culture ?","Le socle commun de connaissances, de compétences et de culture est un ensemble de connaissances et compétences que tout élève doit maîtriser à la fin de sa scolarité obligatoire."
"Quels sont les horaires scolaires en école primaire ?","Les horaires scolaires en école primaire sont généralement de 8h30 à 16h30, avec des variations possibles selon les établissements."
"Qu'est-ce que l'enseignement spécialisé ?","L'enseignement spécialisé est destiné aux élèves ayant des besoins éducatifs particuliers, notamment en raison de handicaps."
"Qu'est-ce que le dispositif ULIS ?","Le dispositif ULIS (Unités Localisées pour l'Inclusion Scolaire) est destiné à accueillir des élèves en situation de handicap au sein des établissements scolaires ordinaires."
"Comment devenir enseignant ?","Pour devenir enseignant, il faut réussir un concours de l'Éducation nationale, comme le CRPE pour les professeurs des écoles ou le CAPES pour les professeurs de collèges et lycées."
"Qu'est-ce que le CNED ?","Le CNED (Centre National d'Enseignement à Distance) est un établissement public qui propose des formations à distance."
"Qu'est-ce que le PPRE ?","Le PPRE (Programme Personnalisé de Réussite Éducative) est un dispositif d'accompagnement pour les élèves rencontrant des difficultés scolaires."
"Comment fonctionne la sectorisation scolaire ?","La sectorisation scolaire détermine l'affectation des élèves dans les écoles publiques en fonction de leur lieu de résidence."
"Qu'est-ce que l'orientation scolaire ?","L'orientation scolaire est le processus par lequel les élèves et leurs familles sont aidés à choisir leur parcours éducatif et professionnel."
"Qu'est-ce que Parcoursup ?","Parcoursup est la plateforme nationale de préinscription en première année de l'enseignement supérieur en France."
"Quels sont les rythmes scolaires au collège ?","Les rythmes scolaires au collège incluent généralement des journées de cours du lundi au vendredi, avec une demi-journée le mercredi matin."
"Comment se passe l'examen du brevet ?","L'examen du brevet des collèges comprend des épreuves écrites et orales dans plusieurs matières, ainsi qu'une évaluation continue des compétences."
"Qu'est-ce que le BTS ?","Le BTS (Brevet de Technicien Supérieur) est un diplôme de l'enseignement supérieur technologique, accessible après le baccalauréat."
"Qu'est-ce que la formation continue ?","La formation continue permet aux adultes de se former tout au long de leur vie, en suivant des formations adaptées à leurs besoins professionnels."
"Qu'est-ce que l'apprentissage ?","L'apprentissage est une formation en alternance qui combine des périodes en entreprise et des périodes en centre de formation."
"Qu'est-ce que le lycée professionnel ?","Le lycée professionnel prépare les élèves à un métier par des formations professionnelles et techniques, et délivre des diplômes comme le CAP et le bac pro."
"Comment obtenir une bourse scolaire ?","Pour obtenir une bourse scolaire, il faut en faire la demande auprès du service des bourses de l'établissement scolaire ou via le portail numérique de l'éducation nationale."
"Qu'est-ce que l'enseignement à distance ?","L'enseignement à distance permet aux élèves de suivre des cours et de se former en dehors des établissements scolaires, via des plateformes en ligne."
"Qu'est-ce que la voie générale au lycée ?","La voie générale au lycée prépare les élèves aux études supérieures avec des enseignements dans des disciplines académiques variées."
"Qu'est-ce que la réforme du baccalauréat ?","La réforme du baccalauréat, mise en place en 2021, vise à simplifier l'examen et à mieux préparer les élèves à l'enseignement supérieur."
"Qu'est-ce que la classe de seconde ?","La classe de seconde est la première année du lycée, commune à tous les élèves, avant l'orientation en voie générale, technologique ou professionnelle."
"Qu'est-ce que l'égalité des chances ?","L'égalité des chances est un principe visant à garantir à tous les élèves les mêmes opportunités de réussite scolaire, indépendamment de leur origine sociale."
"Qu'est-ce que l'accompagnement personnalisé au lycée ?","L'accompagnement personnalisé au lycée est un dispositif d'aide aux élèves pour les soutenir dans leur parcours scolaire et leur projet d'orientation."
"Qu'est-ce que le Plan Étudiants ?","Le Plan Étudiants est une réforme visant à améliorer l'orientation, la réussite et l'insertion professionnelle des étudiants."
"Qu'est-ce que le CPE ?","Le CPE (Conseiller Principal d'Éducation) est un personnel de l'Éducation nationale chargé de la vie scolaire, du suivi des élèves et de l'organisation du temps scolaire."
"Qu'est-ce que le PPMS ?","Le PPMS (Plan Particulier de Mise en Sûreté) est un dispositif mis en place dans les établissements scolaires pour faire face à des situations d'urgence."
"Comment fonctionne la carte scolaire ?","La carte scolaire détermine les affectations des élèves dans les établissements publics en fonction de leur domicile."
"Qu'est-ce que l'école inclusive ?","L'école inclusive vise à accueillir tous les élèves, quels que soient leurs besoins spécifiques, dans les établissements scolaires ordinaires."
"Qu'est-ce que le décrochage scolaire ?","Le décrochage scolaire désigne le fait qu'un élève quitte prématurément le système scolaire sans obtenir de diplôme."
"Qu'est-ce que le rôle du chef d'établissement ?","Le chef d'établissement est responsable de la gestion administrative, pédagogique et financière d'un établissement scolaire."
"Comment fonctionne le conseil de classe ?","Le conseil de classe est une instance qui réunit les enseignants, les représentants des parents et des élèves pour évaluer le travail et le comportement des élèves."
"Qu'est-ce que l'éducation prioritaire ?","L'éducation prioritaire vise à renforcer les moyens éducatifs dans les zones où les difficultés sociales et scolaires sont les plus importantes."
"Comment fonctionne le RASED ?","Le RASED (Réseau d'Aides Spécialisées aux Élèves en Difficulté) est une structure qui apporte une aide pédagogique et psychologique aux élèves en difficulté."
"Qu'est-ce que la journée de la laïcité ?","La journée de la laïcité, célébrée le 9 décembre, a pour but de promouvoir les valeurs de la laïcité à l'école."
"Qu'est-ce que l'enseignement moral et civique ?","L'enseignement moral et civique vise à transmettre aux élèves les valeurs de la République, les principes de la démocratie et les règles du vivre ensemble."
"Qu'est-ce que le numérique éducatif ?","Le numérique éducatif intègre les technologies de l'information et de la communication dans les pratiques pédagogiques."
"Qu'est-ce que le rôle des parents d'élèves ?","Les parents d'élèves participent à la vie de l'école à travers les conseils d'école et les associations de parents d'élèves."
"Qu'est-ce que le livret scolaire ?","Le livret scolaire est un document qui retrace le parcours et les résultats scolaires de l'élève tout au long de sa scolarité."
"Qu'est-ce que l'enseignement bilingue ?","L'enseignement bilingue permet aux élèves de suivre une partie de leurs cours dans une langue étrangère."
"Qu'est-ce que le programme Erasmus+ ?","Le programme Erasmus+ permet aux étudiants de réaliser une partie de leurs études ou un stage dans un autre pays européen."
"Comment fonctionne la cantine scolaire ?","La cantine scolaire offre un service de restauration pour les élèves pendant le temps scolaire, en respectant des normes nutritionnelles."